{
  "description": "immune armor",
  "exclusive_set": ["a_e:sword/lightning","a_e:sword/lightning_fast"],
  "supported_items": "#enchantable/sharp_weapon",
  "weight": 1,
  "max_level": 3,
  "min_cost": { "base": 25, "per_level_above_first": 15 },
  "max_cost": { "base": 50, "per_level_above_first": 15 },
  "anvil_cost": 8,
  "slots": ["mainhand"],
  "effects": {
    "armor_effectiveness": [
      {
        "effect": {
          "type": "set",
          "value": {
            "type": "fraction",
            "denominator": {
              "type": "linear",
              "base": 2,
              "per_level_above_first": 1
            },
            "numerator": {
              "type": "linear",
              "base": 1,
              "per_level_above_first": 0
            }
          }
        }
      }
    ]
  }
}
