{
  "description": "experience increase",
  "exclusive_set": [],
  "supported_items": "#enchantable/weapon",
  "weight": 5,
  "max_level": 3,
  "min_cost": { "base": 10, "per_level_above_first": 10 },
  "max_cost": { "base": 20, "per_level_above_first": 10 },
  "anvil_cost": 4,
  "slots": ["mainhand"],
  "effects": {
    "mob_experience": [
      {
        "effect": {
          "type": "multiply",
          "factor": {
            "type": "linear",
            "base": 1.1,
            "per_level_above_first": 0.2
          }
        }
      }
    ]
  }
}
