{
  "description": "shoot up",
  "exclusive_set": ["a_e:axe_and_mace/stun"],
  "supported_items": [
    "diamond_axe",
    "stone_axe",
    "golden_axe",
    "netherite_axe",
    "wooden_axe",
    "iron_axe",
    "mace"
  ],
  "weight": 2,
  "max_level": 1,
  "min_cost": { "base": 25, "per_level_above_first": 0 },
  "max_cost": { "base": 50, "per_level_above_first": 0 },
  "anvil_cost": 6,
  "slots": ["mainhand"],
  "effects": {
    "post_attack": [
      {
        "enchanted": "attacker",
        "affected": "victim",
        "effect": {
          "type": "run_function",
          "function": "a_e:shoot_up"
        }
      }
    ]
  }
}
