{
  "description": "dash",
  "exclusive_set": ["a_e:sword/lightning_fast"],
  "supported_items": "#enchantable/sword",
  "weight": 5,
  "max_level": 1,
  "min_cost": { "base": 10, "per_level_above_first": 0 },
  "max_cost": { "base": 20, "per_level_above_first": 0 },
  "anvil_cost": 4,
  "slots": ["mainhand"],
  "effects": {
    "post_attack": [
      {
        "enchanted": "attacker",
        "affected": "attacker",
        "effect": {
          "type": "run_function",
          "function": "a_e:dash"
        }
      }
    ]
  }
}
