{
  "description": "lightning fast",
  "exclusive_set": [
    "fire_aspect",
    "a_e:sword/poisonous",
    "a_e:sword/lightning",
    "a_e:sword/dash"
  ],
  "supported_items": "#enchantable/sword",
  "weight": 1,
  "max_level": 1,
  "min_cost": { "base": 30, "per_level_above_first": 0 },
  "max_cost": { "base": 60, "per_level_above_first": 0 },
  "anvil_cost": 8,
  "slots": ["mainhand"],
  "effects": {
    "post_attack": [
      {
        "enchanted": "attacker",
        "affected": "victim",
        "effect": {
          "type": "run_function",
          "function": "a_e:lightning_fast/lightning_fast"
        }
      }
    ]
  }
}
