{
  "description": "lightning",
  "exclusive_set": [
    "fire_aspect",
    "a_e:sword/poisonous",
    "a_e:sword/lightning_fast"
  ],
  "supported_items": "#enchantable/sword",
  "weight": 1,
  "max_level": 1,
  "min_cost": { "base": 25, "per_level_above_first": 0 },
  "max_cost": { "base": 50, "per_level_above_first": 0 },
  "anvil_cost": 6,
  "slots": ["mainhand"],
  "effects": {
    "post_attack": [
      {
        "enchanted": "attacker",
        "affected": "victim",
        "effect": {
          "type": "summon_entity",
          "entity": "lightning_bolt"
        }
      }
    ]
  }
}
