{
  "description": "poisonous",
  "exclusive_set": [
    "fire_aspect",
    "a_e:sword/lightning",
    "a_e:sword/lightning_fast"
  ],
  "supported_items": "#enchantable/sword",
  "weight": 3,
  "max_level": 3,
  "min_cost": { "base": 10, "per_level_above_first": 20 },
  "max_cost": { "base": 30, "per_level_above_first": 20 },
  "anvil_cost": 4,
  "slots": ["mainhand"],
  "effects": {
    "post_attack": [
      {
        "enchanted": "attacker",
        "affected": "victim",
        "effect": {
          "type": "apply_mob_effect",
          "to_apply": "poison",
          "min_duration": {
            "type": "linear",
            "base": 4,
            "per_level_above_first": 4
          },
          "max_duration": {
            "type": "linear",
            "base": 4,
            "per_level_above_first": 4
          },
          "min_amplifier": {
            "type": "linear",
            "base": 0,
            "per_level_above_first": 1
          },
          "max_amplifier": {
            "type": "linear",
            "base": 0,
            "per_level_above_first": 1
          }
        }
      }
    ]
  }
}
