{
    "description": "night vision",
    "exclusive_set": [],
    "supported_items": "#enchantable/head_armor",
    "weight": 1,
    "max_level": 1,
    "min_cost": { "base": 30, "per_level_above_first": 0 },
    "max_cost": { "base": 60, "per_level_above_first": 0 },
    "anvil_cost": 8,
    "slots": ["head"],
    "effects": {
      "tick": [
        {
            "effect": {
                "type": "apply_mob_effect",
                "to_apply": "night_vision",
                "max_duration": {
                    "type": "linear",
                    "base": 12,
                    "per_level_above_first": 0
                },
                "min_duration": {
                    "type": "linear",
                    "base": 12,
                    "per_level_above_first": 0
                },
                "max_amplifier": {
                    "type": "linear",
                    "base": 0,
                    "per_level_above_first": 0
                },
                "min_amplifier": {
                    "type": "linear",
                    "base": 0,
                    "per_level_above_first": 0
                }
            }
        }
      ]
    }
  }
  