{
  "description": "lightning protection",
  "exclusive_set": [],
  "supported_items": "#enchantable/armor",
  "weight": 1,
  "max_level": 1,
  "min_cost": { "base": 30, "per_level_above_first": 0 },
  "max_cost": { "base": 60, "per_level_above_first": 0 },
  "anvil_cost": 8,
  "slots": ["armor"],
  "effects": {
    "damage_immunity": [
      {
        "effect": {},
        "requirements": {
          "condition": "all_of",
          "terms": [
            {
              "condition": "entity_properties",
              "entity": "this",
              "predicate": {
                "equipment": {
                  "head": {
                    "predicates": {
                      "enchantments": [
                        { "enchantments": "a_e:armor/lightning_protection" }
                      ]
                    }
                  },
                  "chest": {
                    "predicates": {
                      "enchantments": [
                        { "enchantments": "a_e:armor/lightning_protection" }
                      ]
                    }
                  },
                  "legs": {
                    "predicates": {
                      "enchantments": [
                        { "enchantments": "a_e:armor/lightning_protection" }
                      ]
                    }
                  },
                  "feet": {
                    "predicates": {
                      "enchantments": [
                        { "enchantments": "a_e:armor/lightning_protection" }
                      ]
                    }
                  }
                }
              }
            },
            {
              "condition": "damage_source_properties",
              "predicate": {
                "tags": [
                  {
                    "id": "is_lightning",
                    "expected": true
                  }
                ]
              }
            }
          ]
        }
      }
    ]
  }
}
